{"training_discounted_returns": [0.0, 0.0, 0.0, 0.19371148445850087, 0.0, 0.23782688525533216, 0.0, 0.0, 0.0, 0.0, 0.13527595427905592, 0.0, 0.0, 0.0, 0.22593554099256555, 0.0, 0.0, 0.14239574134637467, 0.0, 0.0, 0.0, 0.3584859224085419, 0.0, 0.0, 0.10467395472325501, 0.12851215656510312, 0.0, 0.0, 0.0, 0.0, 0.0, 0.3073568677250236, 0.0, 1.0, 0.0, 0.0, 0.3972143184582182, 1.0285310626604238, 0.0, 0.0, 0.18402591023557582, 0.0, 1.807375, 1.0274637281828274, 0.6634204312890623, 0.95, 0.0, 0.0, 1.0, 1.328586705818359, 0.11018311023500528, 0.95, 0.5403600876626367, 0.0, 0.0, 0.0, 0.0, 0.0, 0.44012666865176536, 0.0, 0.0, 0.0, 0.0, 0.0, 0.0, 1.7172489090252951, 0.0, 0.23782688525533216, 0.0, 0.0, 0.0, 0.0, 0.0, 0.0, 0.14239574134637467, 0.0, 0.0, 0.7737809374999998, 0.9025, 0.0, 0.0, 0.0, 0.0, 0.8573749999999999, 0.8145062499999999, 0.0, 0.0, 0.0, 0.0, 0.44012666865176536, 0.174824614723797, 0.3405616262881148, 0.0, 0.46329123015975304, 0.0, 0.0, 0.44012666865176536, 0.7296896667117013, 0.2503440897424549, 0.0, 0.0, 0.0, 0.9025, 0.37735360253530725, 0.0, 0.0, 0.09944025698709225, 0.22593554099256555, 0.0, 0.0, 0.0, 0.350109294223183, 0.0, 0.0, 0.0, 0.0, 0.0, 0.0, 1.0, 0.0, 0.0, 0.0, 0.7350918906249998, 0.0, 0.0, 0.0, 0.13527595427905592, 0.0, 0.0, 0.0, 0.0, 0.0, 0.48978584612561, 0.95, 0.0, 0.0, 0.10467395472325501, 0.0, 0.0, 1.261951912497787, 0.174824614723797, 0.0, 0.5987369392383787, 0.0, 0.0, 0.95, 0.0, 0.5403600876626367, 0.0, 0.0, 1.1064068257457904, 1.0, 0.0, 0.0, 0.0, 0.0, 0.0, 0.0809947108175928, 0.0, 0.2503440897424549, 0.0, 0.4674269202115324, 0.0, 0.7358395249438492, 0.0, 0.0, 0.7737809374999998, 1.0, 0.0, 0.0, 1.0720865487368478, 0.0, 0.0, 0.0, 0.0, 0.0, 0.0, 0.0, 0.0, 0.0, 0.0, 0.0, 0.0, 0.0, 0.16608338398760716, 0.0, 0.0, 0.0, 0.0, 0.9025, 0.0, 0.0, 0.0, 0.0, 0.0, 0.0, 0.3372671422424244, 0.27738957312183377, 0.7350918906249998, 0.0], "training_undiscounted_returns": [0.0, 0.0, 0.0, 1.0, 0.0, 1.0, 0.0, 0.0, 0.0, 0.0, 1.0, 0.0, 0.0, 0.0, 1.0, 0.0, 0.0, 1.0, 0.0, 0.0, 0.0, 1.0, 0.0, 0.0, 1.0, 1.0, 0.0, 0.0, 0.0, 0.0, 0.0, 1.0, 0.0, 1.0, 0.0, 0.0, 1.0, 3.0, 0.0, 0.0, 1.0, 0.0, 2.0, 2.0, 1.0, 1.0, 0.0, 0.0, 1.0, 2.0, 1.0, 1.0, 1.0, 0.0, 0.0, 0.0, 0.0, 0.0, 1.0, 0.0, 0.0, 0.0, 0.0, 0.0, 0.0, 3.0, 0.0, 1.0, 0.0, 0.0, 0.0, 0.0, 0.0, 0.0, 1.0, 0.0, 0.0, 1.0, 1.0, 0.0, 0.0, 0.0, 0.0, 1.0, 1.0, 0.0, 0.0, 0.0, 0.0, 1.0, 1.0, 1.0, 0.0, 1.0, 0.0, 0.0, 1.0, 2.0, 1.0, 0.0, 0.0, 0.0, 1.0, 1.0, 0.0, 0.0, 1.0, 1.0, 0.0, 0.0, 0.0, 2.0, 0.0, 0.0, 0.0, 0.0, 0.0, 0.0, 1.0, 0.0, 0.0, 0.0, 1.0, 0.0, 0.0, 0.0, 1.0, 0.0, 0.0, 0.0, 0.0, 0.0, 3.0, 1.0, 0.0, 0.0, 1.0, 0.0, 0.0, 3.0, 1.0, 0.0, 1.0, 0.0, 0.0, 1.0, 0.0, 1.0, 0.0, 0.0, 2.0, 1.0, 0.0, 0.0, 0.0, 0.0, 0.0, 1.0, 0.0, 1.0, 0.0, 2.0, 0.0, 2.0, 0.0, 0.0, 1.0, 1.0, 0.0, 0.0, 2.0, 0.0, 0.0, 0.0, 0.0, 0.0, 0.0, 0.0, 0.0, 0.0, 0.0, 0.0, 0.0, 0.0, 1.0, 0.0, 0.0, 0.0, 0.0, 1.0, 0.0, 0.0, 0.0, 0.0, 0.0, 0.0, 2.0, 1.0, 1.0, 0.0], "test_discounted_returns": [{"protagonist_mode": true, "test_results": {"algorithm-RADAR_X_ratio-0.25": 0.0}}, {"protagonist_mode": false, "test_results": {"algorithm-RADAR_X_ratio-0.25": -0.0}}, {"protagonist_mode": true, "test_results": {"algorithm-RADAR_X_ratio-0.25": 0.0}}, {"protagonist_mode": false, "test_results": {"algorithm-RADAR_X_ratio-0.25": -0.0}}, {"protagonist_mode": true, "test_results": {"algorithm-RADAR_X_ratio-0.25": 0.0}}, {"protagonist_mode": false, "test_results": {"algorithm-RADAR_X_ratio-0.25": -0.6642933529091795}}, {"protagonist_mode": true, "test_results": {"algorithm-RADAR_X_ratio-0.25": 0.0}}, {"protagonist_mode": false, "test_results": {"algorithm-RADAR_X_ratio-0.25": -0.0}}, {"protagonist_mode": true, "test_results": {"algorithm-RADAR_X_ratio-0.25": 0.0}}, {"protagonist_mode": false, "test_results": {"algorithm-RADAR_X_ratio-0.25": -0.22006333432588268}}, {"protagonist_mode": true, "test_results": {"algorithm-RADAR_X_ratio-0.25": 0.0}}, {"protagonist_mode": false, "test_results": {"algorithm-RADAR_X_ratio-0.25": -0.0}}, {"protagonist_mode": true, "test_results": {"algorithm-RADAR_X_ratio-0.25": 0.0}}, {"protagonist_mode": false, "test_results": {"algorithm-RADAR_X_ratio-0.25": -0.0}}, {"protagonist_mode": true, "test_results": {"algorithm-RADAR_X_ratio-0.25": 0.6309759562488935}}, {"protagonist_mode": false, "test_results": {"algorithm-RADAR_X_ratio-0.25": -0.0}}, {"protagonist_mode": true, "test_results": {"algorithm-RADAR_X_ratio-0.25": 0.12517204487122746}}, {"protagonist_mode": false, "test_results": {"algorithm-RADAR_X_ratio-0.25": -0.0}}, {"protagonist_mode": true, "test_results": {"algorithm-RADAR_X_ratio-0.25": 0.0}}, {"protagonist_mode": false, "test_results": {"algorithm-RADAR_X_ratio-0.25": -0.45125}}, {"protagonist_mode": true, "test_results": {"algorithm-RADAR_X_ratio-0.25": 0.0}}], "test_undiscounted_returns": [{"protagonist_mode": true, "test_results": {"algorithm-RADAR_X_ratio-0.25": 0.0}}, {"protagonist_mode": false, "test_results": {"algorithm-RADAR_X_ratio-0.25": -0.0}}, {"protagonist_mode": true, "test_results": {"algorithm-RADAR_X_ratio-0.25": 0.0}}, {"protagonist_mode": false, "test_results": {"algorithm-RADAR_X_ratio-0.25": -0.0}}, {"protagonist_mode": true, "test_results": {"algorithm-RADAR_X_ratio-0.25": 0.0}}, {"protagonist_mode": false, "test_results": {"algorithm-RADAR_X_ratio-0.25": -1.0}}, {"protagonist_mode": true, "test_results": {"algorithm-RADAR_X_ratio-0.25": 0.0}}, {"protagonist_mode": false, "test_results": {"algorithm-RADAR_X_ratio-0.25": -0.0}}, {"protagonist_mode": true, "test_results": {"algorithm-RADAR_X_ratio-0.25": 0.0}}, {"protagonist_mode": false, "test_results": {"algorithm-RADAR_X_ratio-0.25": -0.5}}, {"protagonist_mode": true, "test_results": {"algorithm-RADAR_X_ratio-0.25": 0.0}}, {"protagonist_mode": false, "test_results": {"algorithm-RADAR_X_ratio-0.25": -0.0}}, {"protagonist_mode": true, "test_results": {"algorithm-RADAR_X_ratio-0.25": 0.0}}, {"protagonist_mode": false, "test_results": {"algorithm-RADAR_X_ratio-0.25": -0.0}}, {"protagonist_mode": true, "test_results": {"algorithm-RADAR_X_ratio-0.25": 1.5}}, {"protagonist_mode": false, "test_results": {"algorithm-RADAR_X_ratio-0.25": -0.0}}, {"protagonist_mode": true, "test_results": {"algorithm-RADAR_X_ratio-0.25": 0.5}}, {"protagonist_mode": false, "test_results": {"algorithm-RADAR_X_ratio-0.25": -0.0}}, {"protagonist_mode": true, "test_results": {"algorithm-RADAR_X_ratio-0.25": 0.0}}, {"protagonist_mode": false, "test_results": {"algorithm-RADAR_X_ratio-0.25": -0.5}}, {"protagonist_mode": true, "test_results": {"algorithm-RADAR_X_ratio-0.25": 0.0}}],