{"training_discounted_returns": [0.0, 0.5688000922764597, 0.9025, 0.0, 0.0, 0.0, 0.0, 0.0, 0.0, 0.0, 0.37735360253530725, 1.0606347497472806, 0.27738957312183377, 0.0, 0.0, 0.0, 0.0, 0.0852575903343082, 0.0, 0.0, 0.0, 0.0, 0.0, 0.0, 0.0, 0.3584859224085419, 0.0, 0.0, 0.0, 0.0, 0.0, 0.0, 0.0, 0.174824614723797, 0.0, 0.0, 0.0, 0.0, 0.6734740469997147, 0.0, 1.7737809374999998, 0.48767497911552954, 0.1577792147882268, 0.5688000922764597, 0.0, 0.0, 0.0, 0.0, 0.11598222130000556, 0.30766946883704227, 0.0, 0.0809947108175928, 0.0, 0.27738957312183377, 0.0, 0.0, 0.3073568677250236, 2.4520981406249995, 0.0, 0.0, 0.0, 0.0, 0.0, 0.13527595427905592, 0.0, 1.6718812499999998, 0.0, 0.0, 0.0, 0.6983372960937497, 0.0, 0.0, 0.0, 0.0, 1.0, 1.0, 0.0, 0.0, 0.5734892889023101, 0.0, 0.16608338398760716, 0.0, 0.0, 0.0, 0.5688000922764597, 1.1380397949737089, 0.0, 0.0, 0.0, 0.6904707583942202, 0.0, 0.0, 0.0, 0.0, 0.0, 0.0, 0.0, 0.0, 0.0, 0.0, 0.0809947108175928, 0.6302494097246091, 0.13527595427905592, 0.0, 0.0, 0.0, 0.0, 0.0, 0.0, 0.0, 0.0, 0.14989025404881545, 0.8174802711870726, 0.37735360253530725, 0.0, 0.11598222130000556, 0.10467395472325501, 0.0, 1.0, 0.0, 0.18402591023557582, 0.0, 0.0, 0.0, 0.22593554099256555, 0.0, 0.0, 0.0, 0.0, 1.0, 0.0, 0.0, 1.8525, 0.0, 0.0, 0.22593554099256555, 0.0, 0.0, 0.0, 0.3405616262881148, 0.0, 0.0, 0.0, 0.0, 0.0, 0.0, 0.0, 0.0, 0.0, 0.0, 0.5987369392383787, 0.6293243045795104, 0.0, 0.5987369392383787, 0.3584859224085419, 0.9025, 0.0, 0.0, 0.0, 1.0, 0.0, 0.9025, 0.0, 0.37735360253530725, 0.0, 0.0, 0.14989025404881545, 0.0, 0.14989025404881545, 0.2039068257457904, 0.0, 0.0, 0.0, 0.0, 0.0, 0.0, 0.0, 0.0, 0.0, 0.0, 0.0, 0.0, 1.0, 0.2573625030159039, 0.0, 0.0, 0.0, 0.0, 0.0, 0.26352009446574204, 0.8573749999999999, 0.26352009446574204, 0.0, 0.0, 0.0, 0.0, 0.0, 0.0, 0.0, 0.0], "training_undiscounted_returns": [0.0, 1.0, 1.0, 0.0, 0.0, 0.0, 0.0, 0.0, 0.0, 0.0, 1.0, 2.0, 1.0, 0.0, 0.0, 0.0, 0.0, 1.0, 0.0, 0.0, 0.0, 0.0, 0.0, 0.0, 0.0, 1.0, 0.0, 0.0, 0.0, 0.0, 0.0, 0.0, 0.0, 1.0, 0.0, 0.0, 0.0, 0.0, 2.0, 0.0, 2.0, 1.0, 1.0, 1.0, 0.0, 0.0, 0.0, 0.0, 1.0, 2.0, 0.0, 1.0, 0.0, 1.0, 0.0, 0.0, 1.0, 3.0, 0.0, 0.0, 0.0, 0.0, 0.0, 1.0, 0.0, 2.0, 0.0, 0.0, 0.0, 1.0, 0.0, 0.0, 0.0, 0.0, 1.0, 1.0, 0.0, 0.0, 3.0, 0.0, 1.0, 0.0, 0.0, 0.0, 1.0, 2.0, 0.0, 0.0, 0.0, 2.0, 0.0, 0.0, 0.0, 0.0, 0.0, 0.0, 0.0, 0.0, 0.0, 0.0, 1.0, 1.0, 1.0, 0.0, 0.0, 0.0, 0.0, 0.0, 0.0, 0.0, 0.0, 1.0, 2.0, 1.0, 0.0, 1.0, 1.0, 0.0, 1.0, 0.0, 1.0, 0.0, 0.0, 0.0, 1.0, 0.0, 0.0, 0.0, 0.0, 1.0, 0.0, 0.0, 2.0, 0.0, 0.0, 1.0, 0.0, 0.0, 0.0, 1.0, 0.0, 0.0, 0.0, 0.0, 0.0, 0.0, 0.0, 0.0, 0.0, 0.0, 1.0, 2.0, 0.0, 1.0, 1.0, 1.0, 0.0, 0.0, 0.0, 1.0, 0.0, 1.0, 0.0, 1.0, 0.0, 0.0, 1.0, 0.0, 1.0, 1.0, 0.0, 0.0, 0.0, 0.0, 0.0, 0.0, 0.0, 0.0, 0.0, 0.0, 0.0, 0.0, 1.0, 2.0, 0.0, 0.0, 0.0, 0.0, 0.0, 1.0, 1.0, 1.0, 0.0, 0.0, 0.0, 0.0, 0.0, 0.0, 0.0, 0.0], "test_discounted_returns": [{"protagonist_mode": true, "test_results": {"algorithm-RADAR_X_ratio-0.25": 0.19344523437499994}}, {"protagonist_mode": false, "test_results": {"algorithm-RADAR_X_ratio-0.25": -0.02131439758357705}}, {"protagonist_mode": true, "test_results": {"algorithm-RADAR_X_ratio-0.25": 0.0}}, {"protagonist_mode": false, "test_results": {"algorithm-RADAR_X_ratio-0.25": -0.0}}, {"protagonist_mode": true, "test_results": {"algorithm-RADAR_X_ratio-0.25": 0.0}}, {"protagonist_mode": false, "test_results": {"algorithm-RADAR_X_ratio-0.25": -0.07691736720926057}}, {"protagonist_mode": true, "test_results": {"algorithm-RADAR_X_ratio-0.25": 0.0}}, {"protagonist_mode": false, "test_results": {"algorithm-RADAR_X_ratio-0.25": -0.17458432402343743}}, {"protagonist_mode": true, "test_results": {"algorithm-RADAR_X_ratio-0.25": 0.18999764067096708}}, {"protagonist_mode": false, "test_results": {"algorithm-RADAR_X_ratio-0.25": -0.17261768959855506}}, {"protagonist_mode": true, "test_results": {"algorithm-RADAR_X_ratio-0.25": 0.0}}, {"protagonist_mode": false, "test_results": {"algorithm-RADAR_X_ratio-0.25": -0.048427871114625216}}, {"protagonist_mode": true, "test_results": {"algorithm-RADAR_X_ratio-0.25": 0.0}}, {"protagonist_mode": false, "test_results": {"algorithm-RADAR_X_ratio-0.25": -0.6100316671629413}}, {"protagonist_mode": true, "test_results": {"algorithm-RADAR_X_ratio-0.25": 0.0851404065720287}}, {"protagonist_mode": false, "test_results": {"algorithm-RADAR_X_ratio-0.25": -0.0}}, {"protagonist_mode": true, "test_results": {"algorithm-RADAR_X_ratio-0.25": 0.3009767064364476}}, {"protagonist_mode": false, "test_results": {"algorithm-RADAR_X_ratio-0.25": -0.08479569500621158}}, {"protagonist_mode": true, "test_results": {"algorithm-RADAR_X_ratio-0.25": 0.0}}, {"protagonist_mode": false, "test_results": {"algorithm-RADAR_X_ratio-0.25": -0.41550810409495104}}, {"protagonist_mode": true, "test_results": {"algorithm-RADAR_X_ratio-0.25": 0.28381898856976395}}], "test_undiscounted_returns": [{"protagonist_mode": true, "test_results": {"algorithm-RADAR_X_ratio-0.25": 0.25}}, {"protagonist_mode": false, "test_results": {"algorithm-RADAR_X_ratio-0.25": -0.25}}, {"protagonist_mode": true, "test_results": {"algorithm-RADAR_X_ratio-0.25": 0.0}}, {"protagonist_mode": false, "test_results": {"algorithm-RADAR_X_ratio-0.25": -0.0}}, {"protagonist_mode": true, "test_results": {"algorithm-RADAR_X_ratio-0.25": 0.0}}, {"protagonist_mode": false, "test_results": {"algorithm-RADAR_X_ratio-0.25": -0.5}}, {"protagonist_mode": true, "test_results": {"algorithm-RADAR_X_ratio-0.25": 0.0}}, {"protagonist_mode": false, "test_results": {"algorithm-RADAR_X_ratio-0.25": -0.25}}, {"protagonist_mode": true, "test_results": {"algorithm-RADAR_X_ratio-0.25": 1.25}}, {"protagonist_mode": false, "test_results": {"algorithm-RADAR_X_ratio-0.25": -0.5}}, {"protagonist_mode": true, "test_results": {"algorithm-RADAR_X_ratio-0.25": 0.0}}, {"protagonist_mode": false, "test_results": {"algorithm-RADAR_X_ratio-0.25": -0.25}}, {"protagonist_mode": true, "test_results": {"algorithm-RADAR_X_ratio-0.25": 0.0}}, {"protagonist_mode": false, "test_results": {"algorithm-RADAR_X_ratio-0.25": -0.75}}, {"protagonist_mode": true, "test_results": {"algorithm-RADAR_X_ratio-0.25": 0.25}}, {"protagonist_mode": false, "test_results": {"algorithm-RADAR_X_ratio-0.25": -0.0}}, {"protagonist_mode": true, "test_results": {"algorithm-RADAR_X_ratio-0.25": 0.5}}, {"protagonist_mode": false, "test_results": {"algorithm-RADAR_X_ratio-0.25": -0.5}}, {"protagonist_mode": true, "test_results": {"algorithm-RADAR_X_ratio-0.25": 0.0}}, {"protagonist_mode": false, "test_results": {"algorithm-RADAR_X_ratio-0.25": -0.75}}, {"protagonist_mode": true, "test_results": {"algorithm-RADAR_X_ratio-0.25": 0.5}}], "protagonist_discounted_returns": [0.0, 0.0, 0.9025, 0.0, 0.0, 0.0, 0.0, 0.0, 0.0, 0.0, 0.0, 0.6634204312890623, 0.0, 0.0, 0.0, 0.0, 0.0, 0.0852575903343082, 0.0, 1.0, 0.0, 0.0, 0.0, 0.0, 0.0, 0.0, 0.0, 0.0, 0.0, 0.0, 0.0, 0.0, 0.0, 0.0, 0.0, 0.0, 0.0, 0.0, 0.0, 0.0, 0.0, 0.48767497911552954, 0.0, 0.0, 0.0, 0.0, 0.0, 0.0, 0.11598222130000556, 0.0, 0.0, 0.0, 0.0, 0.0, 0.0, 0.0, 0.0, 2.4520981406249995, 0.0, 0.0, 0.0, 0.0, 0.0, 0.0, 0.0, 1.6718812499999998, 0.0, 0.0, 0.0, 0.0, 0.0, 0.0, 0.0, 0.0, 1.0, 1.0, 0.0, 0.0, 0.0, 0.0, 0.16608338398760716, 0.0, 0.0, 0.0, 0.0, 0.0, 0.0, 0.0, 0.0, 0.0, 0.0, 0.0, 0.0, 0.0, 0.0, 0.0, 0.0, 0.0, 0.0, 0.0, 0.0, 0.0, 0.0, 0.0, 0.0, 0.0, 0.0, 0.0, 0.0, 0.0, 0.0, 0.0, 0.44012666865176536, 0.0, 0.0, 0.0, 0.10467395472325501, 0.0, 1.0, 1.0, 0.18402591023557582, 0.0, 0.0, 0.0, 0.0, 0.0, 0.0, 0.0, 0.0, 0.0, 0.0, 0.0, 0.0, 0.0, 0.0, 0.0, 0.0, 0.0, 0.0, 0.0, 0.0, 0.0, 0.0, 0.0, 0.0, 0.0, 0.0, 0.0, 0.0, 0.18402591023557582, 0.0, 0.11598222130000556, 0.0, 0.0, 0.0, 0.9025, 0.0, 0.0, 0.0, 0.0, 0.0, 0.9025, 0.0, 0.0, 0.0, 0.0, 0.0, 0.0, 0.14989025404881545, 0.0, 0.0, 0.0, 0.0, 0.0, 0.0, 0.0, 0.0, 0.0, 0.0, 0.0, 0.0, 0.0, 1.0, 0.0, 0.0, 0.0, 0.0, 0.0, 0.0, 0.0, 0.0, 0.26352009446574204, 0.0, 0.0, 0.0, 0.0, 0.0, 0.0, 0.0, 0.0],