{"training_discounted_returns": [0.2919890243387724, 1.1738205760859373, 0.30333677128890013, 0.0, 0.0, 0.0, 0.2919890243387724, 0.0, 0.0, 0.0, 1.1493640243387722, 0.48767497911552954, 0.19371148445850087, 0.0, 0.0, 0.0, 0.11018311023500528, 1.1660833839876072, 0.0, 0.14239574134637467, 1.0, 0.0, 0.0, 0.0, 0.0, 0.0, 0.0, 0.0, 0.0, 0.3073568677250236, 0.0, 0.6634204312890623, 0.0, 0.0, 0.0, 0.09446824413773763, 0.0, 0.0, 0.0, 0.0, 0.0, 0.0, 0.0, 0.0, 0.14239574134637467, 0.0, 0.0, 0.0, 0.0, 0.0, 0.3584859224085419, 0.0, 0.0, 1.4261750922764596, 0.09944025698709225, 1.0, 0.0, 0.0, 0.0, 0.0, 0.22593554099256555, 0.9025, 0.0, 0.0, 0.0, 0.21463876394293727, 1.5133420832795048, 0.0, 1.0998902540488154, 1.0, 0.37735360253530725, 0.0, 0.0, 0.0, 0.5395669256388576, 0.3073568677250236, 0.0, 0.0, 0.0, 0.0, 0.0, 0.7208234879752267, 1.250344089742455, 0.0, 0.0, 0.14239574134637467, 0.0, 0.0, 0.0, 0.0852575903343082, 0.0, 1.0, 0.0, 0.0, 0.0, 0.0, 0.09944025698709225, 0.0, 0.0, 0.0, 0.10467395472325501, 1.0, 0.0, 0.0, 0.0, 0.0, 0.0, 0.0, 1.184025910235576, 0.0, 0.5403600876626367, 0.0, 0.0, 0.22593554099256555, 0.0, 0.0809947108175928, 0.95, 0.0852575903343082, 0.0, 1.2798536025353071, 1.8525, 0.27738957312183377, 0.16608338398760716, 0.0, 0.0, 0.0, 0.0852575903343082, 1.361757727382812, 0.2919890243387724, 0.8153346536773953, 0.0, 0.0, 0.0, 0.5274403707194995, 0.0, 0.0809947108175928, 0.0, 0.0, 0.0, 0.0, 1.754998851605574, 0.0, 0.6983372960937497, 0.0, 0.323533544973709, 0.0, 0.23782688525533216, 0.0, 0.0, 0.0, 0.0, 0.1577792147882268, 0.5133420832795048, 0.0, 0.0, 0.0, 0.0, 0.0, 0.46329123015975304, 0.873221194487092, 1.0999641955519506, 0.5987369392383787, 0.7737809374999998, 0.0, 0.0, 0.13527595427905592, 0.0, 0.0, 0.0, 0.0, 0.95, 0.5133420832795048, 0.0, 0.2503440897424549, 0.0, 0.0, 0.0, 0.0, 0.0, 0.0, 0.0, 0.6302494097246091, 0.323533544973709, 0.0852575903343082, 0.0, 0.174824614723797, 0.0, 0.0, 0.323533544973709, 0.7737809374999998, 0.8840766073123228, 0.7350918906249998, 0.0, 1.1550678762881148, 0.17500242226515894, 0.0, 0.0, 0.922879437037505, 0.0, 0.8066269775317918], "training_undiscounted_returns": [1.0, 3.0, 2.0, 0.0, 0.0, 0.0, 1.0, 0.0, 0.0, 0.0, 2.0, 1.0, 1.0, 0.0, 0.0, 0.0, 1.0, 2.0, 0.0, 1.0, 1.0, 0.0, 0.0, 0.0, 0.0, 0.0, 0.0, 0.0, 0.0, 1.0, 0.0, 1.0, 0.0, 0.0, 0.0, 1.0, 0.0, 0.0, 0.0, 0.0, 0.0, 0.0, 0.0, 0.0, 1.0, 0.0, 0.0, 0.0, 0.0, 0.0, 1.0, 0.0, 0.0, 2.0, 1.0, 1.0, 0.0, 0.0, 0.0, 0.0, 1.0, 1.0, 0.0, 0.0, 0.0, 1.0, 2.0, 0.0, 2.0, 1.0, 1.0, 0.0, 0.0, 0.0, 2.0, 1.0, 0.0, 0.0, 0.0, 0.0, 0.0, 2.0, 2.0, 0.0, 0.0, 1.0, 0.0, 0.0, 0.0, 1.0, 0.0, 1.0, 0.0, 0.0, 0.0, 0.0, 1.0, 0.0, 0.0, 0.0, 1.0, 1.0, 0.0, 0.0, 0.0, 0.0, 0.0, 0.0, 2.0, 0.0, 1.0, 0.0, 0.0, 1.0, 0.0, 1.0, 1.0, 1.0, 0.0, 2.0, 2.0, 1.0, 1.0, 0.0, 0.0, 0.0, 1.0, 2.0, 1.0, 2.0, 0.0, 0.0, 0.0, 2.0, 0.0, 1.0, 0.0, 0.0, 0.0, 0.0, 3.0, 0.0, 1.0, 0.0, 1.0, 0.0, 1.0, 0.0, 0.0, 0.0, 0.0, 1.0, 1.0, 0.0, 0.0, 0.0, 0.0, 0.0, 1.0, 2.0, 4.0, 1.0, 1.0, 0.0, 0.0, 1.0, 0.0, 0.0, 0.0, 0.0, 1.0, 1.0, 0.0, 1.0, 0.0, 0.0, 0.0, 0.0, 0.0, 0.0, 0.0, 1.0, 1.0, 1.0, 0.0, 1.0, 0.0, 0.0, 1.0, 1.0, 3.0, 1.0, 0.0, 2.0, 2.0, 0.0, 0.0, 3.0, 0.0, 2.0], "test_discounted_returns": [{"protagonist_mode": true, "test_results": {"algorithm-RADAR_X_ratio-0.25": 0.0}}, {"protagonist_mode": false, "test_results": {"algorithm-RADAR_X_ratio-0.25": -0.0}}, {"protagonist_mode": true, "test_results": {"algorithm-RADAR_X_ratio-0.25": 0.07119787067318734}}, {"protagonist_mode": false, "test_results": {"algorithm-RADAR_X_ratio-0.25": -0.1536784338625118}}, {"protagonist_mode": true, "test_results": {"algorithm-RADAR_X_ratio-0.25": 0.0}}, {"protagonist_mode": false, "test_results": {"algorithm-RADAR_X_ratio-0.25": -0.0}}, {"protagonist_mode": true, "test_results": {"algorithm-RADAR_X_ratio-0.25": 0.0}}, {"protagonist_mode": false, "test_results": {"algorithm-RADAR_X_ratio-0.25": -0.5}}, {"protagonist_mode": true, "test_results": {"algorithm-RADAR_X_ratio-0.25": 0.0}}, {"protagonist_mode": false, "test_results": {"algorithm-RADAR_X_ratio-0.25": -0.0426287951671541}}, {"protagonist_mode": true, "test_results": {"algorithm-RADAR_X_ratio-0.25": 0.0}}, {"protagonist_mode": false, "test_results": {"algorithm-RADAR_X_ratio-0.25": -0.0}}, {"protagonist_mode": true, "test_results": {"algorithm-RADAR_X_ratio-0.25": 0.6399268012676536}}, {"protagonist_mode": false, "test_results": {"algorithm-RADAR_X_ratio-0.25": -0.40766732683869766}}, {"protagonist_mode": true, "test_results": {"algorithm-RADAR_X_ratio-0.25": 0.0}}, {"protagonist_mode": false, "test_results": {"algorithm-RADAR_X_ratio-0.25": -0.0}}, {"protagonist_mode": true, "test_results": {"algorithm-RADAR_X_ratio-0.25": 0.436610597243546}}, {"protagonist_mode": false, "test_results": {"algorithm-RADAR_X_ratio-0.25": -0.0}}, {"protagonist_mode": true, "test_results": {"algorithm-RADAR_X_ratio-0.25": 0.0}}, {"protagonist_mode": false, "test_results": {"algorithm-RADAR_X_ratio-0.25": -0.3868904687499999}}, {"protagonist_mode": true, "test_results": {"algorithm-RADAR_X_ratio-0.25": 0.4033134887658959}}], "test_undiscounted_returns": [{"protagonist_mode": true, "test_results": {"algorithm-RADAR_X_ratio-0.25": 0.0}}, {"protagonist_mode": false, "test_results": {"algorithm-RADAR_X_ratio-0.25": -0.0}}, {"protagonist_mode": true, "test_results": {"algorithm-RADAR_X_ratio-0.25": 0.5}}, {"protagonist_mode": false, "test_results": {"algorithm-RADAR_X_ratio-0.25": -0.5}}, {"protagonist_mode": true, "test_results": {"algorithm-RADAR_X_ratio-0.25": 0.0}}, {"protagonist_mode": false, "test_results": {"algorithm-RADAR_X_ratio-0.25": -0.0}}, {"protagonist_mode": true, "test_results": {"algorithm-RADAR_X_ratio-0.25": 0.0}}, {"protagonist_mode": false, "test_results": {"algorithm-RADAR_X_ratio-0.25": -0.5}}, {"protagonist_mode": true, "test_results": {"algorithm-RADAR_X_ratio-0.25": 0.0}}, {"protagonist_mode": false, "test_results": {"algorithm-RADAR_X_ratio-0.25": -0.5}}, {"protagonist_mode": true, "test_results": {"algorithm-RADAR_X_ratio-0.25": 0.0}}, {"protagonist_mode": false, "test_results": {"algorithm-RADAR_X_ratio-0.25": -0.0}}, {"protagonist_mode": true, "test_results": {"algorithm-RADAR_X_ratio-0.25": 1.0}}, {"protagonist_mode": false, "test_results": {"algorithm-RADAR_X_ratio-0.25": -1.0}}, {"protagonist_mode": true, "test_results": {"algorithm-RADAR_X_ratio-0.25": 0.0}}, {"protagonist_mode": false, "test_results": {"algorithm-RADAR_X_ratio-0.25": -0.0}}, {"protagonist_mode": true, "test_results": {"algorithm-RADAR_X_ratio-0.25": 1.0}}, {"protagonist_mode": false, "test_results": {"algorithm-RADAR_X_ratio-0.25": -0.0}}, {"protagonist_mode": true, "test_results": {"algorithm-RADAR_X_ratio-0.25": 0.0}}, {"protagonist_mode": false, "test_results": {"algorithm-RADAR_X_ratio-0.25": -0.5}}, {"protagonist_mode": true, "test_results": {"algorithm-RADAR_X_ratio-0.25": 1.0}}],