{"training_discounted_returns": [0.0, 0.0, 0.0, 0.0, 0.0, 0.6302494097246091, 0.0, 0.0, 0.0, 0.6423763407733001, 0.0, 0.0, 0.0, 0.0, 0.7737809374999998, 0.0, 0.22593554099256555, 0.0, 0.30766946883704227, 0.0, 0.48767497911552954, 0.0, 0.0, 0.0, 0.0, 1.0, 0.3972143184582182, 0.0, 0.3405616262881148, 0.0, 0.0, 0.0, 0.3972143184582182, 0.0, 1.2227668697405294, 0.0, 0.0, 0.0, 0.0, 0.0, 0.6983372960937497, 0.0, 1.95, 0.1577792147882268, 0.0, 1.0, 0.3972143184582182, 0.7907041774050916, 0.0, 0.0, 0.0, 0.0, 0.4894556354583076, 0.0, 0.0, 0.27738957312183377, 0.0, 0.0, 0.7737809374999998, 0.0, 0.0, 0.14239574134637467, 0.08974483193085075, 1.232220523565522, 0.0, 0.0, 0.0, 0.95, 0.0, 0.0, 0.0, 0.0, 0.0, 0.0, 0.11598222130000556, 0.0, 0.44012666865176536, 0.0, 0.21463876394293727, 2.8525, 0.2919890243387724, 0.5688000922764597, 0.2573625030159039, 0.0, 0.0, 0.0, 0.8145062499999999, 0.21463876394293727, 0.0, 0.0, 0.0, 0.11598222130000556, 0.18402591023557582, 0.0, 0.8145062499999999, 0.0, 0.16608338398760716, 0.0, 0.0, 0.6302494097246091, 0.0, 0.0809947108175928, 0.0, 0.0, 0.0, 0.0, 0.0, 0.6634204312890623, 0.0, 0.0, 1.807375, 0.95, 0.0, 0.0, 0.0, 1.1434470028729922, 0.6302494097246091, 0.0, 0.7350918906249998, 0.8809217139507515, 0.0, 0.0, 0.0, 0.5403600876626367, 0.0, 0.0, 0.0, 0.0, 0.8573749999999999, 0.0, 0.0, 0.0, 0.0, 0.0, 0.0, 1.0, 0.0, 0.0, 0.2919890243387724, 0.09944025698709225, 0.0, 0.0, 0.11598222130000556, 1.0, 0.0, 0.0, 0.0, 0.0, 0.0, 1.0, 0.0, 0.14989025404881545, 0.0, 0.0, 0.0, 0.0, 0.0, 0.6634204312890623, 0.0, 0.6983372960937497, 1.81450625, 0.0, 0.0, 0.37735360253530725, 0.0, 0.0, 0.0, 1.1502360282097148, 1.5487369392383785, 0.0, 0.0, 0.5688000922764597, 0.0, 0.0, 0.09944025698709225, 0.0, 0.5720389331820153, 0.0, 0.0, 0.0, 0.0, 0.0, 0.2919890243387724, 0.0, 0.0, 0.0, 0.0, 0.0, 0.0, 1.4270875365236906, 0.18402591023557582, 0.0, 0.0, 0.9025, 0.0, 0.0, 0.0, 0.0, 0.0, 0.0], "training_undiscounted_returns": [0.0, 0.0, 0.0, 0.0, 0.0, 1.0, 0.0, 0.0, 0.0, 3.0, 0.0, 0.0, 0.0, 0.0, 1.0, 0.0, 1.0, 0.0, 2.0, 0.0, 1.0, 0.0, 0.0, 0.0, 0.0, 1.0, 1.0, 0.0, 1.0, 0.0, 0.0, 0.0, 1.0, 0.0, 2.0, 0.0, 0.0, 0.0, 0.0, 0.0, 1.0, 0.0, 2.0, 1.0, 0.0, 1.0, 1.0, 2.0, 0.0, 0.0, 0.0, 0.0, 2.0, 0.0, 0.0, 1.0, 0.0, 0.0, 1.0, 0.0, 0.0, 1.0, 1.0, 2.0, 0.0, 0.0, 0.0, 1.0, 0.0, 0.0, 0.0, 0.0, 0.0, 0.0, 1.0, 0.0, 1.0, 0.0, 1.0, 3.0, 1.0, 1.0, 2.0, 0.0, 0.0, 0.0, 1.0, 1.0, 0.0, 0.0, 0.0, 1.0, 1.0, 0.0, 1.0, 0.0, 1.0, 0.0, 0.0, 1.0, 0.0, 1.0, 0.0, 0.0, 0.0, 0.0, 0.0, 1.0, 0.0, 0.0, 2.0, 1.0, 0.0, 0.0, 0.0, 3.0, 1.0, 0.0, 1.0, 2.0, 0.0, 0.0, 0.0, 1.0, 0.0, 0.0, 0.0, 0.0, 1.0, 0.0, 0.0, 0.0, 0.0, 0.0, 0.0, 1.0, 0.0, 0.0, 1.0, 1.0, 0.0, 0.0, 1.0, 1.0, 0.0, 0.0, 0.0, 0.0, 0.0, 1.0, 0.0, 1.0, 0.0, 0.0, 0.0, 0.0, 0.0, 1.0, 0.0, 1.0, 2.0, 0.0, 0.0, 1.0, 0.0, 0.0, 0.0, 3.0, 2.0, 0.0, 0.0, 1.0, 0.0, 0.0, 1.0, 0.0, 2.0, 0.0, 0.0, 0.0, 0.0, 0.0, 1.0, 0.0, 0.0, 0.0, 0.0, 0.0, 0.0, 3.0, 1.0, 0.0, 0.0, 1.0, 0.0, 0.0, 0.0, 0.0, 0.0, 0.0], "test_discounted_returns": [{"protagonist_mode": true, "test_results": {"algorithm-RADAR_X_ratio-0.25": 0.11003166716294134}}, {"protagonist_mode": false, "test_results": {"algorithm-RADAR_X_ratio-0.25": -0.2000388888903817}}, {"protagonist_mode": true, "test_results": {"algorithm-RADAR_X_ratio-0.25": 0.0}}, {"protagonist_mode": false, "test_results": {"algorithm-RADAR_X_ratio-0.25": -0.0}}, {"protagonist_mode": true, "test_results": {"algorithm-RADAR_X_ratio-0.25": 0.0}}, {"protagonist_mode": false, "test_results": {"algorithm-RADAR_X_ratio-0.25": -0.1801869658579818}}, {"protagonist_mode": true, "test_results": {"algorithm-RADAR_X_ratio-0.25": 0.0}}, {"protagonist_mode": false, "test_results": {"algorithm-RADAR_X_ratio-0.25": -0.0}}, {"protagonist_mode": true, "test_results": {"algorithm-RADAR_X_ratio-0.25": 0.713125}}, {"protagonist_mode": false, "test_results": {"algorithm-RADAR_X_ratio-0.25": -0.12191874477888238}}, {"protagonist_mode": true, "test_results": {"algorithm-RADAR_X_ratio-0.25": 0.15756235243115227}}, {"protagonist_mode": false, "test_results": {"algorithm-RADAR_X_ratio-0.25": -0.0}}, {"protagonist_mode": true, "test_results": {"algorithm-RADAR_X_ratio-0.25": 0.22023042848768787}}, {"protagonist_mode": false, "test_results": {"algorithm-RADAR_X_ratio-0.25": -0.0}}, {"protagonist_mode": true, "test_results": {"algorithm-RADAR_X_ratio-0.25": 0.10574345049020031}}, {"protagonist_mode": false, "test_results": {"algorithm-RADAR_X_ratio-0.25": -0.25}}, {"protagonist_mode": true, "test_results": {"algorithm-RADAR_X_ratio-0.25": 0.17458432402343743}}, {"protagonist_mode": false, "test_results": {"algorithm-RADAR_X_ratio-0.25": -0.0}}, {"protagonist_mode": true, "test_results": {"algorithm-RADAR_X_ratio-0.25": 0.0}}, {"protagonist_mode": false, "test_results": {"algorithm-RADAR_X_ratio-0.25": -0.478690628909805}}, {"protagonist_mode": true, "test_results": {"algorithm-RADAR_X_ratio-0.25": 0.0}}], "test_undiscounted_returns": [{"protagonist_mode": true, "test_results": {"algorithm-RADAR_X_ratio-0.25": 0.25}}, {"protagonist_mode": false, "test_results": {"algorithm-RADAR_X_ratio-0.25": -1.0}}, {"protagonist_mode": true, "test_results": {"algorithm-RADAR_X_ratio-0.25": 0.0}}, {"protagonist_mode": false, "test_results": {"algorithm-RADAR_X_ratio-0.25": -0.0}}, {"protagonist_mode": true, "test_results": {"algorithm-RADAR_X_ratio-0.25": 0.0}}, {"protagonist_mode": false, "test_results": {"algorithm-RADAR_X_ratio-0.25": -0.5}}, {"protagonist_mode": true, "test_results": {"algorithm-RADAR_X_ratio-0.25": 0.0}}, {"protagonist_mode": false, "test_results": {"algorithm-RADAR_X_ratio-0.25": -0.0}}, {"protagonist_mode": true, "test_results": {"algorithm-RADAR_X_ratio-0.25": 0.75}}, {"protagonist_mode": false, "test_results": {"algorithm-RADAR_X_ratio-0.25": -0.25}}, {"protagonist_mode": true, "test_results": {"algorithm-RADAR_X_ratio-0.25": 0.25}}, {"protagonist_mode": false, "test_results": {"algorithm-RADAR_X_ratio-0.25": -0.0}}, {"protagonist_mode": true, "test_results": {"algorithm-RADAR_X_ratio-0.25": 0.5}}, {"protagonist_mode": false, "test_results": {"algorithm-RADAR_X_ratio-0.25": -0.0}}, {"protagonist_mode": true, "test_results": {"algorithm-RADAR_X_ratio-0.25": 0.5}}, {"protagonist_mode": false, "test_results": {"algorithm-RADAR_X_ratio-0.25": -0.25}}, {"protagonist_mode": true, "test_results": {"algorithm-RADAR_X_ratio-0.25": 0.25}}, {"protagonist_mode": false, "test_results": {"algorithm-RADAR_X_ratio-0.25": -0.0}}, {"protagonist_mode": true, "test_results": {"algorithm-RADAR_X_ratio-0.25": 0.0}}, {"protagonist_mode": false, "test_results": {"algorithm-RADAR_X_ratio-0.25": -1.0}}, {"protagonist_mode": true, "test_results": {"algorithm-RADAR_X_ratio-0.25": 0.0}}],