{"training_discounted_returns": [0.0, 0.0, 0.0, 0.18402591023557582, 0.22593554099256555, 0.16625230115190098, 0.0, 0.0, 0.0, 0.0, 0.19371148445850087, 0.0, 0.0, 0.18402591023557582, 0.0, 0.0, 0.0852575903343082, 0.0, 0.0, 0.9025, 0.0, 0.0, 1.132306209083218, 0.3584859224085419, 0.0, 0.95, 0.09446824413773763, 0.0, 0.8920487805522506, 0.0, 0.0, 0.0, 0.0, 0.0, 1.0, 0.0, 0.0, 0.09446824413773763, 0.0, 0.0, 0.18402591023557582, 0.0, 0.0, 0.0, 0.0, 0.0, 0.0, 0.0, 0.2919890243387724, 0.0, 0.0, 0.0, 0.0, 0.7737809374999998, 0.1577792147882268, 0.0, 0.0, 0.7350918906249998, 0.0, 0.0, 0.0, 0.0, 0.46329123015975304, 0.0, 1.0494402569870922, 0.0, 0.44012666865176536, 0.0, 0.0, 0.0, 1.2905616262881148, 0.323533544973709, 0.0, 0.11018311023500528, 0.0, 0.16608338398760716, 0.5133420832795048, 0.0, 1.7350918906249997, 0.3584859224085419, 0.0, 0.7350918906249998, 0.37735360253530725, 0.0, 0.0, 0.0, 0.2503440897424549, 1.1498902540488154, 0.48767497911552954, 0.0, 0.0, 0.0, 0.0, 0.0, 0.0, 0.0, 0.0, 0.5989395889344951, 0.0, 0.0, 0.0, 0.3972143184582182, 0.0, 0.16608338398760716, 0.0, 0.0, 0.3972143184582182, 0.0, 0.0, 0.0, 0.0, 0.7350918906249998, 0.0, 0.5133420832795048, 0.0, 0.0, 0.0, 0.0, 0.12208654873684796, 0.0, 0.6688722442277397, 0.0, 0.0, 0.5688000922764597, 0.4394806332261347, 0.6634204312890623, 0.0, 0.6482648664364278, 0.0, 0.0, 0.0, 0.0, 0.0, 0.0, 0.0, 0.0, 0.0, 0.0, 0.0, 0.0, 0.13527595427905592, 0.0, 0.7737809374999998, 0.6634204312890623, 0.0, 0.0, 0.5403600876626367, 0.26352009446574204, 0.0, 0.0, 0.8582470038709424, 0.0, 0.0, 0.0, 0.0809947108175928, 0.0, 0.08974483193085075, 0.0, 0.5078651671500278, 0.0, 0.0, 0.0, 0.0, 0.0, 0.0, 0.0, 0.46329123015975304, 0.8756944436116488, 0.0, 0.5277336628642887, 0.8573749999999999, 0.0, 0.0, 0.0, 0.0, 0.0, 0.3972143184582182, 0.0, 0.14989025404881545, 0.6983372960937497, 0.8573749999999999, 0.0, 0.0, 1.622006016874284, 0.0, 0.09446824413773763, 0.0, 0.0, 0.5731246863514792, 0.0, 0.0, 0.0, 0.0, 0.0, 0.0, 0.0, 0.7349233644478641, 1.0, 1.0, 0.0], "training_undiscounted_returns": [0.0, 0.0, 0.0, 1.0, 1.0, 2.0, 0.0, 0.0, 0.0, 0.0, 1.0, 0.0, 0.0, 1.0, 0.0, 0.0, 1.0, 0.0, 0.0, 1.0, 0.0, 0.0, 2.0, 1.0, 0.0, 1.0, 1.0, 0.0, 2.0, 0.0, 0.0, 0.0, 0.0, 0.0, 1.0, 0.0, 0.0, 1.0, 0.0, 0.0, 1.0, 0.0, 0.0, 0.0, 0.0, 0.0, 0.0, 0.0, 1.0, 0.0, 0.0, 0.0, 0.0, 1.0, 1.0, 0.0, 0.0, 1.0, 0.0, 0.0, 0.0, 0.0, 1.0, 0.0, 2.0, 0.0, 1.0, 0.0, 0.0, 0.0, 2.0, 1.0, 0.0, 1.0, 0.0, 1.0, 1.0, 0.0, 2.0, 1.0, 0.0, 1.0, 1.0, 0.0, 0.0, 0.0, 1.0, 2.0, 1.0, 0.0, 0.0, 0.0, 0.0, 0.0, 0.0, 0.0, 0.0, 3.0, 0.0, 0.0, 0.0, 1.0, 0.0, 1.0, 0.0, 0.0, 1.0, 0.0, 0.0, 0.0, 0.0, 1.0, 0.0, 1.0, 0.0, 0.0, 0.0, 0.0, 1.0, 0.0, 2.0, 0.0, 0.0, 1.0, 2.0, 1.0, 0.0, 3.0, 0.0, 0.0, 0.0, 0.0, 0.0, 0.0, 0.0, 0.0, 0.0, 0.0, 0.0, 0.0, 1.0, 0.0, 1.0, 1.0, 0.0, 0.0, 1.0, 1.0, 0.0, 0.0, 2.0, 0.0, 0.0, 0.0, 1.0, 0.0, 1.0, 0.0, 2.0, 0.0, 0.0, 0.0, 0.0, 0.0, 0.0, 0.0, 1.0, 3.0, 0.0, 2.0, 1.0, 0.0, 0.0, 0.0, 0.0, 0.0, 1.0, 0.0, 1.0, 1.0, 1.0, 0.0, 0.0, 3.0, 0.0, 1.0, 0.0, 0.0, 2.0, 0.0, 0.0, 0.0, 0.0, 0.0, 0.0, 0.0, 2.0, 1.0, 1.0, 0.0], "test_discounted_returns": [{"protagonist_mode": true, "test_results": {"algorithm-RADAR_X_ratio-0.25": 0.16585510782226556}}, {"protagonist_mode": false, "test_results": {"algorithm-RADAR_X_ratio-0.25": -0.0768392169312559}}, {"protagonist_mode": true, "test_results": {"algorithm-RADAR_X_ratio-0.25": 0.225625}}, {"protagonist_mode": false, "test_results": {"algorithm-RADAR_X_ratio-0.25": -0.0}}, {"protagonist_mode": true, "test_results": {"algorithm-RADAR_X_ratio-0.25": 0.02486006424677306}}, {"protagonist_mode": false, "test_results": {"algorithm-RADAR_X_ratio-0.25": -0.4875}}, {"protagonist_mode": true, "test_results": {"algorithm-RADAR_X_ratio-0.25": 0.07204493214905963}}, {"protagonist_mode": false, "test_results": {"algorithm-RADAR_X_ratio-0.25": -0.13620015584375508}}, {"protagonist_mode": true, "test_results": {"algorithm-RADAR_X_ratio-0.25": 0.3271214806021355}}, {"protagonist_mode": false, "test_results": {"algorithm-RADAR_X_ratio-0.25": -0.0}}, {"protagonist_mode": true, "test_results": {"algorithm-RADAR_X_ratio-0.25": 0.0}}, {"protagonist_mode": false, "test_results": {"algorithm-RADAR_X_ratio-0.25": -0.0}}, {"protagonist_mode": true, "test_results": {"algorithm-RADAR_X_ratio-0.25": 0.10453008380479427}}, {"protagonist_mode": false, "test_results": {"algorithm-RADAR_X_ratio-0.25": -0.0}}, {"protagonist_mode": true, "test_results": {"algorithm-RADAR_X_ratio-0.25": 0.25}}, {"protagonist_mode": false, "test_results": {"algorithm-RADAR_X_ratio-0.25": -0.4337729726562499}}, {"protagonist_mode": true, "test_results": {"algorithm-RADAR_X_ratio-0.25": 0.0}}, {"protagonist_mode": false, "test_results": {"algorithm-RADAR_X_ratio-0.25": -0.1594791932748235}}, {"protagonist_mode": true, "test_results": {"algorithm-RADAR_X_ratio-0.25": 0.17458432402343743}}, {"protagonist_mode": false, "test_results": {"algorithm-RADAR_X_ratio-0.25": -0.0}}, {"protagonist_mode": true, "test_results": {"algorithm-RADAR_X_ratio-0.25": 0.0}}], "test_undiscounted_returns": [{"protagonist_mode": true, "test_results": {"algorithm-RADAR_X_ratio-0.25": 0.25}}, {"protagonist_mode": false, "test_results": {"algorithm-RADAR_X_ratio-0.25": -0.25}}, {"protagonist_mode": true, "test_results": {"algorithm-RADAR_X_ratio-0.25": 0.25}}, {"protagonist_mode": false, "test_results": {"algorithm-RADAR_X_ratio-0.25": -0.0}}, {"protagonist_mode": true, "test_results": {"algorithm-RADAR_X_ratio-0.25": 0.25}}, {"protagonist_mode": false, "test_results": {"algorithm-RADAR_X_ratio-0.25": -0.5}}, {"protagonist_mode": true, "test_results": {"algorithm-RADAR_X_ratio-0.25": 0.5}}, {"protagonist_mode": false, "test_results": {"algorithm-RADAR_X_ratio-0.25": -0.5}}, {"protagonist_mode": true, "test_results": {"algorithm-RADAR_X_ratio-0.25": 0.5}}, {"protagonist_mode": false, "test_results": {"algorithm-RADAR_X_ratio-0.25": -0.0}}, {"protagonist_mode": true, "test_results": {"algorithm-RADAR_X_ratio-0.25": 0.0}}, {"protagonist_mode": false, "test_results": {"algorithm-RADAR_X_ratio-0.25": -0.0}}, {"protagonist_mode": true, "test_results": {"algorithm-RADAR_X_ratio-0.25": 0.25}}, {"protagonist_mode": false, "test_results": {"algorithm-RADAR_X_ratio-0.25": -0.0}}, {"protagonist_mode": true, "test_results": {"algorithm-RADAR_X_ratio-0.25": 0.25}}, {"protagonist_mode": false, "test_results": {"algorithm-RADAR_X_ratio-0.25": -0.5}}, {"protagonist_mode": true, "test_results": {"algorithm-RADAR_X_ratio-0.25": 0.0}}, {"protagonist_mode": false, "test_results": {"algorithm-RADAR_X_ratio-0.25": -0.75}}, {"protagonist_mode": true, "test_results": {"algorithm-RADAR_X_ratio-0.25": 0.25}}, {"protagonist_mode": false, "test_results": {"algorithm-RADAR_X_ratio-0.25": -0.0}}, {"protagonist_mode": true, "test_results": {"algorithm-RADAR_X_ratio-0.25": 0.0}}],